[
  {
    "inputs": [
      {
        "internalType": "string",
        "name": "_question",
        "type": "string"
      },
      {
        "internalType": "string",
        "name": "_thumbnail",
        "type": "string"
      },
      {
        "internalType": "bytes32[]",
        "name": "_options",
        "type": "bytes32[]"
      }
    ],
    "name": "createPoll",
    "outputs": [],
    "stateMutability": "nonpayable",
    "type": "function"
  },
  {
    "inputs": [
      {
        "internalType": "uint256",
        "name": "_pollId",
        "type": "uint256"
      },
      {
        "internalType": "uint64",
        "name": "_selectedOption",
        "type": "uint64"
      }
    ],
    "name": "vote",
    "outputs": [],
    "stateMutability": "nonpayable",
    "type": "function"
  },
  {
    "inputs": [
      {
        "internalType": "uint256",
        "name": "_pollId",
        "type": "uint256"
      }
    ],
    "name": "getPoll",
    "outputs": [
      {
        "internalType": "uint256",
        "name": "",
        "type": "uint256"
      },
      {
        "internalType": "string",
        "name": "",
        "type": "string"
      },
      {
        "internalType": "string",
        "name": "",
        "type": "string"
      },
      {
        "internalType": "uint64[]",
        "name": "",
        "type": "uint64[]"
      },
      {
        "internalType": "bytes32[]",
        "name": "",
        "type": "bytes32[]"
      }
    ],
    "stateMutability": "view",
    "type": "function"
  },
  {
    "inputs": [],
    "name": "getTotalPolls",
    "outputs": [
      {
        "internalType": "uint256",
        "name": "",
        "type": "uint256"
      }
    ],
    "stateMutability": "view",
    "type": "function"
  },
  {
    "inputs": [
      {
        "internalType": "address",
        "name": "_id",
        "type": "address"
      }
    ],
    "name": "getVoter",
    "outputs": [
      {
        "internalType": "address",
        "name": "",
        "type": "address"
      },
      {
        "internalType": "uint256[]",
        "name": "",
        "type": "uint256[]"
      }
    ],
    "stateMutability": "view",
    "type": "function"
  }
]
